Primary City,State,Division
Arvada,CO,denver
Arvada,CO,denver
Arvada,CO,denver
Arvada,CO,denver
Arvada,CO,denver
Aurora,CO,denver
Aurora,CO,denver
Aurora,CO,denver
Aurora,CO,denver
Aurora,CO,denver
Aurora,CO,denver
Aurora,CO,denver
Aurora,CO,denver
Aurora,CO,denver
Aurora,CO,denver
Broomfield,CO,denver
Broomfield,CO,denver
Commerce City,CO,denver
Broomfield,CO,denver
Lafayette,CO,denver
Louisville,CO,denver
Westminster,CO,denver
Westminster,CO,denver
Wheat Ridge,CO,denver
Aurora,CO,denver
Aurora,CO,denver
Castle Rock,CO,denver
Castle Rock,CO,denver
Denver,CO,denver
Denver,CO,denver
Denver,CO,denver
Denver,CO,denver
Denver,CO,denver
Denver,CO,denver
Denver,CO,denver
Denver,CO,denver
Denver,CO,denver
Denver,CO,denver
Denver,CO,denver
Denver,CO,denver
Denver,CO,denver
Denver,CO,denver
Denver,CO,denver
Denver,CO,denver
Denver,CO,denver
Denver,CO,denver
Denver,CO,denver
Denver,CO,denver
Denver,CO,denver
Denver,CO,denver
Denver,CO,denver
Denver,CO,denver
Denver,CO,denver
Denver,CO,denver
Denver,CO,denver
Denver,CO,denver
Denver,CO,denver
Denver,CO,denver
Denver,CO,denver
Denver,CO,denver
Denver,CO,denver
Denver,CO,denver
Denver,CO,denver
Thornton,CO,denver
Denver,CO,denver
Denver,CO,denver
Denver,CO,denver
Denver,CO,denver
Denver,CO,denver
Denver,CO,denver
Denver,CO,denver
Denver,CO,denver
Denver,CO,denver
Denver,CO,denver
Denver,CO,denver
Denver,CO,denver
Boulder,CO,denver
Boulder,CO,denver
Boulder,CO,denver
Boulder,CO,denver
Boulder,CO,denver
Leadville,CO,denver
Fort Collins,CO,denver
Fort Collins,CO,denver
Fort Collins,CO,denver
Fort Collins,CO,denver
Fort Collins,CO,denver
Colorado Springs,CO,colorado-springs
Colorado Springs,CO,colorado-springs
Colorado Springs,CO,colorado-springs
Colorado Springs,CO,colorado-springs
Colorado Springs,CO,colorado-springs
Colorado Springs,CO,colorado-springs
Colorado Springs,CO,colorado-springs
Colorado Springs,CO,colorado-springs
Colorado Springs,CO,colorado-springs
Colorado Springs,CO,colorado-springs
Colorado Springs,CO,colorado-springs
Colorado Springs,CO,colorado-springs
Colorado Springs,CO,colorado-springs
Colorado Springs,CO,colorado-springs
Colorado Springs,CO,colorado-springs
Colorado Springs,CO,colorado-springs
Colorado Springs,CO,colorado-springs
Colorado Springs,CO,colorado-springs
Colorado Springs,CO,colorado-springs
Colorado Springs,CO,colorado-springs
Colorado Springs,CO,colorado-springs
Colorado Springs,CO,colorado-springs
Colorado Springs,CO,colorado-springs
Colorado Springs,CO,colorado-springs
Colorado Springs,CO,colorado-springs
Colorado Springs,CO,colorado-springs
Colorado Springs,CO,colorado-springs
Colorado Springs,CO,colorado-springs
Colorado Springs,CO,colorado-springs
Colorado Springs,CO,colorado-springs
Colorado Springs,CO,colorado-springs
Agate,CO,colorado-springs
